Vorname,Nachname,E-Mail
David,Wagner,test@test.de
Hannah,Schmidt,
Lena,Wagner,
Anna,Weber,
Greta,Weber,
Ben,Fischer,
David,Hoffmann,
Greta,Wagner,
Lena,Schneider,
David,Schäfer,
Emma,Weber,
Clara,Becker,
David,Wagner,test@test.de
Greta,Müller,
Lena,Becker,
Greta,Schneider,
Anna,Müller,
Jonas,Hoffmann,
Ben,Becker,
Hannah,Schäfer,
Lena,Hoffmann,
Felix,Fischer,
Greta,Becker,
Greta,Becker,
David,Wagner,test@test.de
Jonas,Hoffmann,
Lena,Weber,
David,Weber,
David,Becker,
Anna,Müller,
Hannah,Müller,
Felix,Müller,
Felix,Becker,
Felix,Schneider,
Clara,Wagner,
Hannah,Fischer,
Anna,Fischer,
Hannah,Fischer,
Anna,Weber,
Emma,Wagner,
Hannah,Schmidt,
Ben,Müller,
David,Meyer,
Greta,Meyer,
Felix,Becker,
Ben,Hoffmann,
Ben,Weber,
David,Schmidt,
Clara,Becker,
Lena,Schneider,
